NA	0
/people/person/place_lived	1
/location/country/capital	2
/people/person/nationality	3
/location/location/containedby	4
/people/deceased_person/place_of_death	5
/sports/sports_team_owner/teams_owned	6
/business/company/founders	7
/people/person/parents	8
/book/author/works_written	9
/sports/sports_team/location	10
/people/person/place_of_birth	11
/fictional_universe/fictional_character_creator/fictional_characters_created	12
/business/person/company	13
/organization/parent/child	14
/book/book_edition/author_editor	15
/film/film/directed_by	16
/sports/sports_team/league	17
/book/book_edition/place_of_publication	18
/film/film/produced_by	19
/architecture/architect/structures_designed	20
/book/author/book_editions_published	21
/film/film/country	22
/sports/professional_sports_team/owner_s	23
/location/country/administrative_divisions	24
/broadcast/broadcast/area_served	25
/sports/sports_facility/teams	26
/fictional_universe/fictional_character/character_created_by	27
/music/artist/album	28
/book/written_work/subjects	29
/sports/sports_team/arena_stadium	30
/music/artist/label	31
/architecture/structure/architect	32
/aviation/airport/serves	33
/film/film/written_by	34
/business/company/place_founded	35
/location/neighborhood/neighborhood_of	36
/influence/influence_node/influenced_by	37
/music/artist/origin	38
/music/composer/compositions	39
/music/record_label/artist	40
/people/person/ethnicity	41
/visual_art/visual_artist/artworks	42
/military/military_person/participated_in_conflicts	43
/music/album/artist	44
/media_common/netflix_genre/titles	45
/people/person/religion	46
/transportation/road/major_cities	47
/business/company/major_shareholders	48
/location/hud_county_place/place	49
/location/in_state/legislative_capital	50
/location/in_state/judicial_capital	51
/base/aareas/schema/administrative_area/administrative_parent	52
/location/location/contains	53
/location/in_state/administrative_capital	54
/location/statistical_region/religions	55
/location/religion_percentage/religion	56
/base/aareas/schema/administrative_area/capital	57
/location/administrative_division/country	58
/location/administrative_division/capital	59
/location/administrative_division_capital_relationship/capital	60
/influence/influence_node/influenced	61
/influence/influence_node/peers	62
/influence/peer_relationship/peers	63
/people/person/spouse_s	64
/people/marriage/location_of_ceremony	65
/base/popstra/product/sold_to	66
/base/popstra/product_choice/consumer	67
/business/employer/employees	68
/business/employment_tenure/person	69
/business/company/leadership	70
/organization/leadership/person	71
/base/schemastaging/organization_extra/phone_number	72
/base/schemastaging/phone_sandbox/service_location	73
/people/place_lived/location	74
/people/person/education	75
/education/education/institution	76
/celebrities/celebrity/celebrity_friends	77
/celebrities/friendship/friend	78
/education/educational_institution/students_graduates	79
/education/education/student	80
/organization/non_profit_organization/registered_with	81
/organization/non_profit_registration/registering_agency	82
/business/company/headquarters	83
/location/mailing_address/state_province_region	84
/education/educational_institution/campuses	85
/location/mailing_address/country	86
/education/educational_institution_campus/educational_institution	87
/location/mailing_address/citytown	88
/people/marriage/spouse	89
/base/popstra/celebrity/canoodled	90
/base/popstra/canoodled/participant	91
/film/actor/film	92
/film/performance/film	93
/celebrities/celebrity/sexual_relationships	94
/celebrities/romantic_relationship/celebrity	95
/base/popstra/celebrity/dated	96
/base/popstra/dated/participant	97
/people/person/children	98
/education/education/major_field_of_study	99
/government/politician/government_positions_held	100
/government/government_position_held/jurisdiction_of_office	101
/people/person/profession	102
/government/government_position_held/governmental_body	103
/book/periodical/publisher	104
/book/periodical_publisher_period/publisher	105
/dataworld/gardening_hint/split_to	106
/book/newspaper/circulation_areas	107
/book/newspaper/headquarters	108
/base/endorsements/endorsing_newspaper/endorsements	109
/base/endorsements/newspaper_endorsement/endorsee	110
/book/newspaper/owner	111
/baseball/baseball_player/batting_stats	112
/baseball/batting_statistics/team	113
/film/music_contributor/film	114
/people/deceased_person/place_of_burial	115
/tv/tv_actor/starring_roles	116
/tv/regular_tv_appearance/series	117
/tv/tv_personality/tv_regular_appearances	118
/tv/tv_regular_personal_appearance/appearance_type	119
/location/capital_of_administrative_division/capital_of	120
/location/administrative_division_capital_relationship/administrative_division	121
/location/location/people_born_here	122
/base/popstra/celebrity/friendship	123
/base/popstra/friendship/participant	124
/people/person/sibling_s	125
/people/sibling_relationship/sibling	126
/travel/tourist_attraction/near_travel_destination	127
/business/company/board_members	128
/business/company_board_membership/member	129
/base/popstra/organization/supporter	130
/base/popstra/support/supporter	131
/medicine/hospital/address	132
/location/location/street_address	133
/architecture/museum/address	134
/sports/pro_athlete/teams	135
/sports/sports_team_roster/team	136
/base/schemastaging/athlete_extra/salary	137
/base/schemastaging/athlete_salary/team	138
/basketball/basketball_player/player_statistics	139
/basketball/basketball_player_stats/team	140
/business/business_operation/industry	141
/people/person/employment_history	142
/military/military_person/service	143
/military/military_service/unit	144
/business/board_member/organization_board_memberships	145
/business/company_board_membership/organization	146
/business/company_founder/organizations_founded	147
/religion/founding_figure/religion_founded	148
/location/location/partiallycontains	149
/location/partial_containment_relationship/partially_contains	150
/location/us_state/capital	151
/government/political_district/representatives	152
/location/location/adjoin_s	153
/location/adjoining_relationship/adjoins	154
/base/popstra/location/vacationers	155
/base/popstra/vacation_choice/vacationer	156
/base/biblioness/bibs_location/country	157
/location/location/partially_contains	158
/location/administrative_division/first_level_division_of	159
/government/government_position_held/office_holder	160
/base/locations/states_and_provences/country	161
/government/governmental_jurisdiction/governing_officials	162
/location/location/partially_containedby	163
/geography/river/cities	164
/location/location/partially_contained_by	165
/location/partial_containment_relationship/partially_contained_by	166
/geography/river/mouth	167
/geography/river/origin	168
/geography/river/basin_countries	169
/business/company/parent	170
/business/company_relationship/parent	171
/business/company/phone_number	172
/common/phone_number/service_location	173
/business/board_member/leader_of	174
/organization/leadership/organization	175
/film/writer/film	176
/sports/drafted_athlete/drafted	177
/sports/sports_league_draft_pick/school	178
/sports/sports_league_draft_pick/team	179
/government/government_position_held/district_represented	180
/user/szaijan/fantasy_football/player/nfl_team	181
/american_football/football_player/passing	182
/american_football/player_passing_statistics/team	183
/american_football/football_player/games	184
/american_football/player_game_statistics/team	185
/people/appointee/position	186
/people/appointment/appointed_by	187
/olympics/olympic_athlete/medals_won	188
/olympics/olympic_medal_honor/country	189
/olympics/olympic_athlete/country	190
/olympics/olympic_athlete_affiliation/country	191
/american_football/football_player/receiving	192
/american_football/player_receiving_statistics/team	193
/base/biblioness/bibs_location/state	194
/location/place_with_neighborhoods/neighborhoods	195
/government/government_position_held/appointed_by	196
/location/australian_state/capital_city	197
/location/us_county/hud_county_place	198
/location/us_county/county_seat	199
/location/administrative_division/second_level_division_of	200
/location/hud_county_place/county	201
/symbols/namesake/named_after	202
/symbols/name_source/namesakes	203
/government/political_appointer/appointees	204
/business/company/advisors	205
/base/locations/cities_and_towns/state_province	206
/film/film_location/featured_in_films	207
/base/popstra/celebrity/wears	208
/base/popstra/fashion_choice/designer	209
/base/popstra/celebrity/shops_at	210
/base/popstra/shopping_choice/company	211
/people/ethnicity/people	212
/base/patronage/client/related_patron	213
/base/patronage/patron_client_relationship/patron	214
/visual_art/visual_artist/associated_periods_or_movements	215
/film/film_character/portrayed_in_films	216
/film/performance/actor	217
/base/popstra/celebrity/vacations_in	218
/base/popstra/vacation_choice/location	219
/base/popstra/celebrity/infidelity_perpetrator	220
/base/popstra/infidelity/participant	221
/geography/island/body_of_water	222
/location/location/events	223
/education/honorary_degree/recipient	224
/education/educational_institution/subsidiary_or_constituent_schools	225
/business/company/child	226
/business/company_relationship/child	227
/book/book_subject/works	228
/business/company/acquired_by	229
/business/acquisition/acquiring_company	230
/user/robert/us_congress/us_representative/state	231
/soccer/football_team_manager/team	232
/soccer/football_team_management_tenure/team	233
/soccer/football_player/statistics	234
/soccer/football_player_stats/team	235
/base/jewlib/research_collection/geographical_scope	236
/american_football/football_player/rushing	237
/american_football/player_rushing_statistics/team	238
/business/business_location/address	239
/dining/restaurant/chefs	240
/dining/restaurant_chef_association/chef	241
/business/company_member/member_of	242
/business/company_membership/organization	243
/olympics/olympic_medal_honor/medalist	244
/base/biblioness/bibs_location/city	245
/base/locations/countries/continent	246
/travel/travel_destination/tourist_attractions	247
/military/military_service/military_force	248
/base/nobelprizes/nobel_prize_winner/nobel_honor	249
/base/nobelprizes/nobel_honor/nobel_prize_winner	250
/base/aareas/schema/administrative_area/administrative_children	251
/location/statistical_region/places_exported_to	252
/location/imports_and_exports/exported_to	253
/location/it_region/capital	254
/government/government_agency/jurisdiction	255
/broadcast/artist/content	256
/education/educational_institution/parent_institution	257
/tennis/tennis_tournament_champion/tennis_titles	258
/tennis/tennis_tournament_championship/winner	259
/tennis/tennis_player/matches_lost	260
/tennis/tennis_match/loser	261
/tennis/tennis_player/matches_won	262
/tennis/tennis_match/winner	263
/business/company/companies_acquired	264
/business/acquisition/company_acquired	265
/business/asset_owner/assets_owned	266
/business/asset_ownership/owned_asset	267
/base/schemastaging/phone_sandbox/service_language	268
/base/popstra/celebrity/infidelity_victim	269
/base/popstra/infidelity/victim	270
/base/popstra/celebrity/breakup	271
/base/popstra/breakup/participant	272
/baseball/baseball_coach/current_team_coaching	273
/baseball/current_coaching_tenure/baseball_team	274
/education/academic/advisors	275
/organization/leadership/role	276
/geography/mountain/mountain_range	277
/base/americancomedy/impersonated_celebrity/impersonated_by	278
/sports/tournament_event_competitor/events_competed_in	279
/sports/competitor_competition_relationship/country	280
/sports/sports_team/roster	281
/sports/sports_team_roster/player	282
/sports/professional_sports_team/draft_picks	283
/sports/sports_league_draft_pick/player	284
/baseball/baseball_team/current_manager	285
/baseball/baseball_team/current_coaches	286
/baseball/current_coaching_tenure/baseball_coach	287
/military/military_commander/military_commands	288
/military/military_command/military_conflict	289
/religion/place_of_worship/religion	290
/olympics/olympic_athlete_affiliation/sport	291
/people/profession/people_with_this_profession	292
/law/judicial_title/judges	293
/law/judicial_tenure/court	294
/law/judicial_tenure/judge	295
/base/collectives/collective/members	296
/base/collectives/collective_membership/member	297
/base/americancomedy/double_act/comic	298
/music/musical_group/member	299
/music/group_membership/member	300
/base/schemastaging/sports_coach/athletes_coached	301
/base/schemastaging/coach_athlete_relationship/athlete	302
/base/popstra/company/product_endorser	303
/base/popstra/paid_support/endorser	304
/base/popstra/restaurant/restaurant_choice	305
/base/popstra/restaurant_choice/diner	306
/film/producer/films_executive_produced	307
/film/producer/film	308
/film/film/cinematography	309
/media_common/netflix_title/netflix_genres	310
/film/film/featured_film_locations	311
/business/sponsored_recipient/sponsorship	312
/business/sponsorship/sponsored_by	313
/base/schemastaging/sports_facility_extra/home_venue_for	314
/base/schemastaging/team_venue_relationship/team	315
/celebrities/celebrity/legal_entanglements	316
/celebrities/legal_entanglement/location	317
/award/hall_of_fame_induction/inductee	318
/award/hall_of_fame_inductee/hall_of_fame_inductions	319
/base/popstra/celebrity/lived_with	320
/base/popstra/lived_with/participant	321
/broadcast/content/producer	322
/broadcast/content/location	323
/broadcast/content/genre	324
/film/director/film	325
/base/bioventurist/bv_venture_investor/investment_round	326
/base/bioventurist/bv_investment_round/investors	327
/media_common/dedicatee/dedications	328
/media_common/dedication/dedicated_by	329
/user/kurt/default_domain/thoughtranker/revered_by	330
/common/topic/subject_of	331
/periodicals/newspaper_circulation_area/newspapers	332
/base/popstra/location/arrestee	333
/base/popstra/arrest/arrested_person	334
/basketball/basketball_coach/previous_teams	335
/basketball/basketball_historical_coach_position/team	336
/book/publishing_company/publisher	337
/book/publisher_imprint_tenure/publisher	338
/book/publishing_company/imprint_of	339
/location/cn_province/capital	340
/people/place_of_interment/interred_here	341
/people/deceased_person/place_of_cremation	342
/film/performance/character	343
/transportation/bridge/locale	344
/transportation/bridge/body_of_water_spanned	345
/architecture/structure/architecture_firm	346
/tv/tv_program_guest/appeared_on	347
/tv/tv_guest_personal_appearance/appearance_type	348
/architecture/architecture_firm/projects	349
/film/production_company/films	350
/baseball/baseball_manager/former_teams_managed	351
/baseball/baseball_historical_managerial_position/team	352
/religion/religious_leader/religious_leadership	353
/religion/religious_organization_leadership/organization	354
/base/patronage/patron/related_client	355
/base/patronage/patron_client_relationship/client	356
/base/patronage/patron/patronized_sector	357
/religion/religious_organization_leadership/role	358
/tv/tv_producer/programs_produced	359
/tv/tv_producer_term/program	360
/tv/tv_program_creator/programs_created	361
/royalty/chivalric_order_officer/memberships_presented	362
/royalty/chivalric_order_membership/recipient	363
/government/us_vice_president/to_president	364
/location/location/nearby_airports	365
/travel/travel_destination/how_to_get_here	366
/travel/transportation/transport_terminus	367
/sports/sports_team_location/teams	368
/media_common/dedicator/dedications	369
/media_common/dedication/dedicated_to	370
/film/film/release_date_s	371
/film/film_regional_release_date/film_release_region	372
/film/film/starring	373
/base/dancingwiththestars/contestant/professional_dance_partner	374
/organization/membership_organization/members	375
/business/company_membership/member	376
/base/popstra/company/fashion_choice	377
/base/popstra/fashion_choice/fashion_wearer	378
/business/business_location/phone_number	379
/olympics/olympic_participating_country/athletes	380
/military/military_combatant/military_conflicts	381
/military/military_combatant_group/combatants	382
/location/country/languages_spoken	383
/user/micahsaul/advertising/ad_agency/clients	384
/tv/tv_regular_personal_appearance/program	385
/baseball/baseball_coach/historical_teams_coached	386
/baseball/historical_coaching_tenure/baseball_team	387
/base/popstra/company/shopping_choice	388
/base/popstra/shopping_choice/shopper	389
/exhibitions/exhibition_sponsor/exhibitions_sponsored	390
/exhibitions/exhibition_run/venue	391
/business/industry/companies	392
/sports/competitor_competition_relationship/competitors	393
/location/province/capital	394
/american_football/football_coach/coaching_history	395
/american_football/football_historical_coach_position/team	396
/base/nascar/nascar_driver/car_make	397
/base/nascar/nascar_driver/team	398
/spaceflight/astronaut/space_agency	399
/people/ethnicity/geographic_distribution	400
/military/military_conflict/combatants	401
/time/event/locations	402
/base/culturalevent/event/entity_involved	403
/military/military_conflict/military_personnel_involved	404
/military/military_conflict/commanders	405
/military/military_command/military_commander	406
/military/military_post/used_by_armed_forces	407
/military/military_post_use/armed_force	408
/business/company/spin_offs	409
/business/company_spin_off/child_company	410
/ice_hockey/hockey_team/captain	411
/sports/sports_league_participation/league	412
/base/schemastaging/sports_team_extra/venue	413
/base/schemastaging/team_venue_relationship/venue	414
/music/conducted_ensemble/conductors	415
/music/conducting_tenure/conductor	416
/food/beer/from_region	417
/business/consumer_product/company	418
/business/company_product_relationship/company	419
/food/beer/brewery_brand	420
/business/sponsor/sponsorship	421
/business/sponsorship/sponsored_recipient	422
/business/brand/owner_s	423
/business/company_brand_relationship/company	424
/food/beer/country	425
/business/endorsed_product/endorsements	426
/business/product_endorsement/endorser	427
/aviation/airline/airports_served	428
/aviation/airline_airport_presence/cities_served	429
/film/film/story_by	430
/film/film/production_companies	431
/film/film/music	432
/film/film/distributors	433
/film/film_film_distributor_relationship/distributor	434
/broadcast/radio_station_owner/radio_stations	435
/base/locations/planets/continents_within	436
/base/satelites/orbited_body/natural_satellite_s	437
/base/locations/planets/countries_within	438
/astronomy/orbital_relationship/orbited_by	439
/business/company_scope/organizations_with_this_scope	440
/film/film/subjects	441
/film/film/language	442
/film/film/executive_produced_by	443
/base/popstra/celebrity/arrest	444
/base/popstra/arrest/location	445
/base/popstra/celebrity/endorsements	446
/base/popstra/paid_support/company	447
/base/yalebase/person/residential_college	448
/business/company/involved_in_merger	449
/business/company_merger/organizations_merging	450
/cvg/cvg_publisher/games_published	451
/film/film_distributor/films_distributed	452
/film/film_film_distributor_relationship/region	453
/user/robert/us_congress/us_representative/congressional_caucus_memberships	454
/user/alexander/misc/murdered_person/place_murdered	455
/base/popstra/celebrity/supporter	456
/base/popstra/support/supported_organization	457
/base/popstra/celebrity/insult_victim	458
/base/popstra/public_insult/victim	459
/film/film/runtime	460
/film/film_cut/film_release_region	461
/film/cinematographer/film	462
/base/popstra/business_location/customer	463
/base/popstra/hangout/customer	464
/music/conductor/groups	465
/music/conducting_tenure/ensemble	466
/baseball/baseball_team/historical_managers	467
/baseball/baseball_historical_managerial_position/manager	468
/baseball/baseball_team/historical_coaches	469
/baseball/historical_coaching_tenure/baseball_coach	470
/american_football/football_coach/current_team_head_coached	471
/base/saints/saint/venerated_in	472
/people/person/languages	473
/aviation/airport/focus_city_for	474
/aviation/airport/hub_for	475
/base/schemastaging/athlete_extra/coaches	476
/base/schemastaging/coach_athlete_relationship/coach	477
/base/popstra/celebrity/hangout	478
/base/popstra/hangout/business_location	479
/education/field_of_study/students_majoring	480
/business/company_sector/organizations_in_this_sector	481
/film/film_subject/films	482
/education/education/specialization	483
/base/usnationalparks/us_national_park/state	484
/dataworld/gardening_hint/replaced_by	485
/user/lapax/default_domain/landlocked_country/surrounded_by	486
/base/locations/continents/countries_within	487
/base/locations/continents/states_provinces_within	488
/base/locations/continents/planet	489
/location/location/contains_major_portion_of	490
/american_football/football_team/historical_coaching_staff	491
/american_football/football_historical_coach_position/coach	492
/education/academic/appointments_fellowships_etc	493
/education/academic_post/institution	494
/user/lindenb/default_domain/scientist/worked_with	495
/education/honorary_degree_recipient/honorary_degrees	496
/education/honorary_degree/institution	497
/film/film_story_contributor/film_story_credits	498
/base/popstra/public_insult/perpetrator	499
/base/popstra/celebrity/insult_perpetrator	500
/base/popstra/celebrity/religion	501
/base/popstra/religion_choice/religion	502
/user/narphorium/people/wealthy_person/net_worth	503
/measurement_unit/dated_money_value/source	504
/geography/body_of_water/islands	505
/user/carmenmfenn1/default_domain/cityscape/museums	506
/base/americancomedy/double_act_straight_man/straight_man_in_double_act	507
/business/product_endorser/products_endorsed	508
/business/product_endorsement/endorsee	509
/user/zeusi/default_domain/sports_competitor/competitions	510
/user/zeusi/default_domain/sports_competition_competitor_relationship/representative	511
/military/military_unit/servicemembers	512
/film/film/edited_by	513
/geography/mountain_range/mountains	514
/exhibitions/exhibition_run/sponsor	515
/base/popstra/celebrity/infidelity_participant	516
/base/popstra/infidelity/perpetrator	517
/user/kurt/default_domain/thoughtranker/points_to	518
/business/company_advisor/companies_advised	519
/location/country/official_language	520
/base/livemusic/concert_venue/location	521
/music/group_member/membership	522
/music/group_membership/group	523
/base/collectives/collective_member/member_of	524
/base/collectives/collective_membership/collective	525
/film/film_regional_release_date/film_regional_debut_venue	526
/book/magazine/place_of_publication	527
/book/place_of_publication_period/place_of_publication	528
/base/meedan/arabic_language_media_source/country	529
/base/meedan/arabic_language_media_source/city	530
/film/film_production_designer/films_production_designed	531
/film/film_art_director/films_art_directed	532
/location/uk_council_area/administrative_headquarters	533
/base/locations/counties_parishes_and_boroughs/coninent	534
/user/robert/us_congress/us_representative/committee_memberships	535
/architecture/building_occupant/buildings_occupied	536
/architecture/occupancy/building	537
/ice_hockey/hockey_team/coach	538
/base/schemastaging/sports_team_extra/captains	539
/base/schemastaging/sports_team_captain_tenure/captain	540
/user/rcheramy/default_domain/hockey_team/league	541
/film/film_festival/location	542
/business/employment_tenure/title	543
/media_common/dedication/work_dedicated	544
/military/military_command/military_combatant	545
/government/us_president/vice_president	546
/user/alexander/misc/murdered_person/murdered_by	547
/base/famouspets/pet_owner/pets_owned	548
/base/famouspets/pet_ownership/owner	549
/people/appointer/appointment_made	550
/people/appointment/appointee	551
/user/dfhuynh/default_domain/assassinated_person/assassination	552
/user/dfhuynh/default_domain/assassination/assassin	553
/sports/sports_team/coaches	554
/sports/sports_team_coach_tenure/position	555
/basketball/basketball_team/head_coach	556
/sports/sports_team_coach_tenure/coach	557
/base/popstra/celebrity/sued_by	558
/base/popstra/legal_dispute/plaintiff	559
/business/company/product_of_merger	560
/location/de_state/capital	561
/user/jfry/default_domain/state12/ciudades_1231	562
/geography/lake/cities	563
/geography/lake/basin_countries	564
/language/human_language/countries_spoken_in	565
/language/human_language/region	566
/geography/lake/inflow	567
/base/aareas/schema/administrative_area/subdividing_place	568
/location/location/primarily_containedby	569
/olympics/olympic_athlete_affiliation/athlete	570
/olympics/olympic_participating_country/medals_won	571
/fictional_universe/fictional_setting/fictional_characters_born_here	572
/baseball/baseball_manager/current_team_managed	573
/book/newspaper_owner/newspapers_owned	574
/astronomy/astronomer/astronomical_objects_discovered	575
/base/rivalries/rival/rivals	576
/military/military_conflict/force_strengths	577
/military/force_strength/combatant	578
/military/military_conflict/casualties	579
/military/casualties/combatant	580
/tv/regular_tv_appearance/character	581
/venture_capital/venture_investor/investments	582
/venture_capital/venture_investment/company	583
/government/politician/party	584
/government/political_party_tenure/party	585
/location/country/second_level_divisions	586
/religion/deity/deity_of	587
/base/popstra/religion/membership	588
/base/popstra/religion_choice/member	589
/broadcast/tv_station/owner	590
/broadcast/broadcast/content	591
/education/academic_institution/visiting_scholars_fellows_etc	592
/education/academic_post/person	593
/base/biblioness/bibs_topic/subsumes	594
/base/biblioness/bibs_topic/is_really	595
/geography/island/island_group	596
/base/scubadiving/ecoregion/contained_by	597
/people/family/country	598
/royalty/royal_line/kingdom_s_ruled	599
/people/family/members	600
/user/alexander/default_domain/royal_house/realm	601
/fictional_universe/fictional_setting/contained_by	602
/architecture/architectural_structure_owner/structures_owned	603
/architecture/ownership/structure	604
/user/robert/us_congress/congressional_caucus/current_house_members	605
/theater/play/country_of_origin	606
/base/contractbridge/bridge_player/first_place_finish	607
/base/contractbridge/bridge_tournament_standings/second_place	608
/base/contractbridge/bridge_player/second_place_finish	609
/base/contractbridge/bridge_tournament_standings/first_place	610
/base/contractbridge/bridge_player/teammates	611
/base/contractbridge/bridge_player_teammates/teammate	612
/location/statistical_region/places_imported_from	613
/location/imports_and_exports/imported_from	614
/military/military_combatant_group/conflict	615
/location/country/first_level_divisions	616
/sports/sport_country/athletic_performances	617
/military/military_combatant/casualties	618
/base/locations/countries/planet	619
/location/jp_prefecture/capital	620
/military/military_person/postings	621
/military/military_posting/post	622
/aviation/airline/hubs	623
/travel/transport_operator/travel_destinations_served	624
/travel/transportation/travel_destination	625
/aviation/airline/focus_cities	626
/travel/transportation/transport_operator	627
/base/dancingwiththestars/professional_performer/celebrity_dance_partner	628
/venture_capital/venture_funded_company/venture_investors	629
/venture_capital/venture_investment/investor	630
/broadcast/radio_station/owner	631
/location/us_indian_reservation/tribes	632
/architecture/landscape_project/landscape_architect	633
/people/ethnicity/included_in_group	634
/base/schemastaging/phone_sandbox/product_or_service	635
/business/brand/includes_brands	636
/business/brand/parent_brand	637
/user/robert/us_congress/house_committee/current_members	638
/government/legislative_committee/members	639
/government/legislative_committee_membership/member	640
/user/rcheramy/default_domain/hockey_team/owner	641
/user/rcheramy/default_domain/hockey_team/captain	642
/base/schemastaging/educational_institution_extra/libraries	643
/base/jewlib/parent_institution/judaica_owning_units	644
/base/formula1/formula_1_driver/team_member	645
/base/formula1/formula_1_team_member/team	646
/base/endorsements/endorsee/newspaper_endorsements	647
/base/endorsements/newspaper_endorsement/newspaper	648
/base/politicalconventions/convention_speaker/conventions_spoken_at	649
/base/politicalconventions/convention_speech/introduced_by	650
/government/political_party/politicians_in_this_party	651
/government/political_party_tenure/politician	652
/business/company/geographic_scope	653
/user/dylanrocks/national_football_league/nfl_stadiums_where_home_team_lost_the_first_game/home_team	654
/user/dylanrocks/national_football_league/nfl_stadiums_where_home_team_lost_the_first_game/team_beaten_by	655
/film/film_film_distributor_relationship/film	656
/internet/website_owner/websites_owned_new	657
/internet/website_ownership/website	658
/base/sharing/sharing_location/shared_here	659
/base/sharing/sharing_relationship/locations	660
/base/infection/biosafety_facility/location	661
/american_football/football_team/current_head_coach	662
/user/ktrueman/default_domain/international_organization/official_language_s	663
/government/governmental_body/members	664
/user/ktrueman/default_domain/international_organization/mailing_address	665
/business/company/organization_type	666
/user/alexander/misc/murderer/people_murdered	667
/military/military_combatant/includes_allies	668
/people/american_indian_group/us_indian_reservations	669
/people/ethnicity/includes_groups	670
/user/jschell/default_domain/music_venue/band_hosted	671
/user/coco/voting/voting_stat_region/election_results	672
/user/coco/voting/election_results/politician	673
/location/mx_state/capital	674
/people/family_name/people_with_this_family_name	675
/tv/tv_program/original_network	676
/tv/tv_network_duration/network	677
/tv/tv_program/regular_cast	678
/tv/regular_tv_appearance/actor	679
/fictional_universe/work_of_fiction/setting	680
/tv/tv_program/tv_producer	681
/tv/tv_producer_term/producer	682
/tv/tv_program/country_of_origin	683
/base/ballet/ballet_company/location	684
/base/prison/prisoner/imprisoned	685
/base/prison/imprisonment/prison	686
/people/profession/specializations	687
/user/dylanrocks/national_football_league/nfl_teams_that_have_moved_cities/destination_city	688
/user/dylanrocks/national_football_league/nfl_teams_that_have_moved_cities/original_city	689
/base/locations/cities_and_towns/country	690
/user/robert3/default_domain/building/architect	691
/user/dylanrocks/national_football_league/nfl_player_who_has_been_suspended/suspended_by	692
/broadcast/tv_station/affiliations	693
/broadcast/tv_affiliation_duration/network	694
/film/film_job/films_with_this_crew_job	695
/film/film_crew_gig/film	696
/military/armed_force/personnel	697
/military/military_service/military_person	698
/base/playball/baseball_stadium/naming_rights	699
/base/playball/naming_information/company	700
/broadcast/tv_station_owner/tv_stations	701
/book/periodical_publisher/periodicals_published	702
/book/periodical_publisher_period/periodical	703
/location/statistical_region/major_imports	704
/location/imports_exports_by_industry/industry	705
/government/government_office_or_title/office_holders	706
/base/crime/warrant_issuer/warrants_issued	707
/base/crime/arrest_warrants/fugitive	708
/military/military_combatant/force_deployments	709
/base/nascar/nascar_driver/car_owner	710
/base/nascar/nascar_driver/crew_chief	711
/base/popstra/celebrity/sued	712
/base/popstra/legal_dispute/defendant	713
/user/cheunger/sports_test/draft_athlete/drafted	714
/user/cheunger/sports_test/draft_pick/school_institution	715
/user/dylanrocks/national_football_league/nfl_draft_diamond_in_the_rough/team_drafting	716
/user/cheunger/sports_test/draft_pick/draft_team	717
/base/endorsements/endorsee/personal_endorsements	718
/base/endorsements/personal_endorsement/endorser	719
/base/firsts/first/achievements	720
/base/firsts/first_achievement/category	721
/fictional_universe/person_in_fiction/representations_in_fiction	722
/government/government_position_held/office_position_or_title	723
/dining/chef/restaurants	724
/dining/restaurant_chef_association/restaurant	725
/celebrities/celebrity/celebrity_rivals	726
/celebrities/rivalry/rival	727
/book/book/interior_illustrations_by	728
/user/joehughes/default_domain/transit_agency/service_areas	729
/metropolitan_transit/transit_system/area_served	730
/base/siswimsuitmodels/si_swimsuit_model/issues	731
/base/siswimsuitmodels/si_swimsuit_appearance/shooting_locations	732
/aviation/airport/airlines	733
/aviation/airline_airport_presence/airline	734
/base/schemastaging/sports_team_captain/team	735
/base/schemastaging/sports_team_captain_tenure/team	736
/base/datedlocationtest/dated_location_test/merged_with	737
/base/datedlocationtest/dated_location_merger/merger_of	738
/base/datedlocationtest/dated_location_merger/became_location	739
/language/human_language/main_country	740
/geography/body_of_water/bridges	741
/base/nationalbridgeinventory/bridged_location/bridges	742
/basketball/basketball_team/previous_coaches	743
/basketball/basketball_historical_coach_position/coach	744
/dining/cuisine/region_of_origin	745
/dining/cuisine/restaurant	746
/base/events/performer/performances	747
/base/events/performance/performer	748
/location/uk_non_metropolitan_county/administrative_headquarters	749
/fictional_universe/fictional_character/place_of_birth	750
/base/bigsky/site/landing_zone	751
/base/bigsky/site/region	752
/base/bigsky/site/nearby_peaks	753
/location/postal_code/country	754
/user/ktrueman/default_domain/international_organization/member_states	755
/base/aareas/schema/administrative_area/subdivides_place	756
/people/ethnicity/languages_spoken	757
/base/crime/fugitive/warrants_for_arrest	758
/base/crime/arrest_warrants/warrant_issuer	759
/base/popstra/celebrity/parties	760
/base/popstra/party_attendance_person/party	761
/military/military_combatant/military_commanders	762
/business/company_merger/became_organization	763
/business/product_endorsee/endorsements	764
/dining/restaurant/cuisine	765
/user/dsinclair/default_domain/colony/colonial_power	766
/location/statistical_region/major_exports	767
/base/vancouver/location_in_neighborhood/neighborhood	768
/military/military_post/people_posted_here	769
/military/military_posting/person	770
/government/governmental_body/component_bodies	771
/government/governmental_body/jurisdiction	772
/fictional_universe/ethnicity_in_fiction/characters_of_this_ethnicity	773
/film/person_or_entity_appearing_in_film/films	774
/film/personal_film_appearance/film	775
/location/fr_region/departments	776
/location/fr_department/region	777
/education/academic/advisees	778
/religion/religion/notable_figures	779
/religion/religion/founding_figures	780
/base/symbols/symbolized_concept/symbolized_by	781
/base/symbols/symbolism/used_by	782
/religion/religion/includes	783
/religion/religion/places_of_worship	784
/religion/religion/sacred_sites	785
/religion/religion/branched_into	786
/base/twinnedtowns/twinned_town/twinned_with	787
/base/twinnedtowns/town_twinning/twinned_towns	788
/film/film/film_art_direction_by	789
/film/film_regional_release_date/film_release_distribution_medium	790
/film/film/locations	791
/base/nobelprizes/nobel_honor/subject_area	792
/business/company/spun_off_from	793
/business/company_spin_off/parent_company	794
/user/ddammann/default_domain/student/teacher	795
/book/illustrator/books_illustrated	796
/location/br_state/capital	797
/business/shopping_center/address	798
/business/shopping_center/owner	799
/base/popstra/celebrity/bought	800
/base/popstra/product_choice/product	801
/geography/island_group/islands_in_group	802
/location/symbol_of_administrative_division/official_symbol_of	803
/location/location_symbol_relationship/administrative_division	804
/medicine/drug/active_moieties	805
/medicine/drug_ingredient/active_moiety_of_drug	806
/rail/railway_operator_relationship/operator	807
/rail/railway_operator/railways	808
/base/lookalikes/twin/twin	809
/basketball/basketball_coach/team	810
/book/periodical_editor/periodicals_edited	811
/book/editorial_tenure/periodical	812
/location/citytown/postal_codes	813
/aviation/airline_airport_presence/airport	814
/business/product_endorsement/product	815
/geography/lake/outflow	816
/skiing/ski_area/closest_city	817
/user/dsinclair/default_domain/expedition/people_involved	818
/base/contractbridge/bridge_player/partners	819
/base/contractbridge/bridge_player_partnership/partner	820
/base/government2/elected_official/elected_positions_held	821
/base/government2/elected_government_positions_held/jurisdiction	822
/base/government2/elected_government_positions_held/district_represented	823
/base/cars_refactor/make/parent_company	824
/base/cars_refactor/company_make_relationship/company	825
/base/firsts/first_achievement_category/firsts	826
/base/firsts/first_achievement/first	827
/travel/transport_terminus/travel_destinations_served	828
/music/genre/artists	829
/base/locations/states_and_provences/continent	830
/user/carmenmfenn1/default_domain/cityscape/universities	831
/royalty/chivalric_order_member/belongs_to_order	832
/royalty/chivalric_order_membership/presented_by	833
/base/saturdaynightlive/snl_cast_member/seasons	834
/base/saturdaynightlive/snl_season_tenure/cast_members	835
/event/public_speaker/speeches_or_presentations	836
/event/speech_or_presentation/speaker_s	837
/finance/stock_exchange/primary_regions	838
/film/film_song_performer/film_songs	839
/film/film_song_relationship/film	840
/film/editor/film	841
/architecture/architecture_firm_partners/partner_in_firm	842
/religion/place_of_worship/historically_used_by_religions	843
/religion/place_of_worship_historical_use/religion	844
/user/rcheramy/default_domain/hockey_team/city	845
/user/rcheramy/default_domain/hockey_team/arena	846
/fictional_universe/fictional_character/parents	847
/protected_sites/protected_site/governing_body	848
/location/location/coterminous_with	849
/location/cotermination/location	850
/base/government2/appointed_official/appointments	851
/base/government2/legislator/legislative_positions_held	852
/base/government2/legislative_position_held/legislative_body	853
/base/endorsements/endorsing_person/endorsed	854
/base/endorsements/personal_endorsement/endorsee	855
/user/rcheramy/default_domain/hockey_team/head_coach	856
/user/rcheramy/default_domain/hockey_team/general_manager	857
/base/popstra/celebrity/eats_at	858
/base/popstra/restaurant_choice/restaurant	859
/tv/tv_network/areas_served	860
/base/arthist/int_zm_nyek/helynev	861
/sports/sports_team_coach/teams_coached	862
/sports/sports_team_coach_tenure/team	863
/base/pirates/pirate/waters_pirated	864
/education/education/minor	865
/religion/religion/is_part_of	866
/base/infection/location_of_biosafety_facility/biosafety_facility	867
/base/conservationaction/participation_group/participants	868
/base/conservationaction/participation/person	869
/base/advertisingcharacters/product/advertising_characters	870
/travel/travel_destination/accommodation	871
/architecture/architecture_firm/firm_partners	872
/broadcast/tv_channel/satellite_availability	873
/broadcast/cable_satellite_availability/provider	874
/user/danm/default_domain/gossip_node/personal_relationships	875
/user/danm/default_domain/sexual_relationship/person	876
/media_common/dedicated_work/dedication	877
/architecture/engineering_firm/projects	878
/computer/computer/key_designers	879
/law/invention/inventor	880
/base/represent/agent/celebrity_represented	881
/base/represent/agent_celebrity_representation/celebrity_represented	882
/film/film/personal_appearances	883
/film/personal_film_appearance/person	884
/base/locations/countries/places_within	885
/fictional_universe/fictional_setting/works_set_here	886
/tv/tv_song_performer/episode_segments	887
/tv/tv_segment_song_relationship/performers	888
/music/artist/supporting_artists	889
/business/company/sectors	890
/base/conservationaction/participant/participated_in	891
/base/conservationaction/participation/group_activity	892
/tv/tv_program/regular_personal_appearances	893
/tv/tv_regular_personal_appearance/person	894
/base/schemastaging/disputed_location_claimant/disputed_territories	895
/business/acquisition/divisions_formed	896
/base/popstra/party/celebrities	897
/base/popstra/party_attendance_person/person	898
/base/arthist/helynevek/intezmeny	899
/religion/religion/deities	900
/religion/religion/collective_term_for_adherents	901
/religion/religion/branched_from	902
/fashion/fashion_designer/labels	903
/fashion/designer_label_association/label	904
/tv/tv_character/appeared_in_tv_program	905
/base/schemastaging/football_team_extra/statistics	906
/soccer/football_player_stats/player	907
/soccer/football_team/manager	908
/soccer/football_team_management_tenure/manager	909
/business/asset/owners	910
/business/asset_ownership/owner	911
/broadcast/tv_channel/language	912
/base/crime/crime_suspect/accused_of	913
/base/crime/crime_accusation/accuser	914
/base/crime/crime_accusation/suspect	915
/user/dfhuynh/default_domain/assassination/location	916
/base/prison/prison/prisoners	917
/base/prison/imprisonment/prisoner	918
/martial_arts/martial_artist/instructor	919
/user/weel/default_domain/periodical/publisher	920
/location/es_province/capital	921
/film/film/film_production_design_by	922
/sports/sports_league/teams	923
/sports/sports_league_participation/team	924
/base/x2010fifaworldcupsouthafrica/world_cup_participant/world_cup_team	925
/base/x2010fifaworldcupsouthafrica/current_world_cup_squad/current_club	926
/military/military_combatant/armed_forces	927
/user/skud/embassies_and_consulates/embassy/ambassadors	928
/user/skud/embassies_and_consulates/ambassadorial_tenure/to_countries	929
/common/topic/subjects	930
/tv/tv_program/program_creator	931
/user/evening/default_domain/business_group_member/business_group	932
/military/rank/used_by_services	933
/religion/religious_organization/leaders	934
/religion/religious_organization_leadership/leader	935
/architecture/museum/director	936
/base/ballet/ballet_company/founder	937
/broadcast/content/broadcast	938
/film/film_distribution_medium/films_distributed_in_this_medium	939
/fashion/fashion_label/designers	940
/fashion/designer_label_association/designer	941
/tv/tv_network/affiliates	942
/broadcast/tv_affiliation_duration/station	943
/tv/tv_network/programs	944
/tv/tv_network_duration/program	945
/location/australian_state/premiers	946
/architecture/structure/owner	947
/architecture/ownership/owner	948
/fictional_universe/fictional_character/children	949
/film/film_company/films	950
/film/film_film_company_relationship/film	951
/book/periodical/editorial_staff	952
/book/editorial_tenure/editor	953
/exhibitions/exhibition_venue/exhibitions_at_this_venue	954
/government/governmental_jurisdiction/government_bodies	955
/base/nations/supranational_body/member	956
/base/ndbcd/buoy/region	957
/base/godparents/godparent/godchildren	958
/olympics/olympic_bidding_city/olympics_bid_on	959
/olympics/olympic_city_bid/bidding_city	960
/architecture/building/occupant	961
/architecture/occupancy/occupant	962
/base/arthist/int_zm_nyek/mutargy	963
/base/arthist/provenienciaadat/helynev	964
/business/consumer_company/brands	965
/business/company_brand_relationship/brand	966
/user/joehughes/default_domain/transit_service_area/transit_agencies	967
/base/bigsky/region/site	968
/base/popstra/rehab_facility/patient	969
/base/popstra/rehab_stay/patient	970
/common/topic/webpage	971
/common/webpage/topic	972
/architecture/museum_director/museum	973
/transportation/road/end1	974
/transportation/road_starting_point/location	975
/user/carmenmfenn1/default_domain/cityscape/stadiums	976
/base/athletics/track_and_field_athlete/championship_events_competed_in	977
/base/athletics/athletics_championships_competition_athlete_relationship/country	978
/base/americancomedy/celebrity_impressionist/celebrities_impersonated	979
/automotive/make/parent_company	980
/automotive/company/make_s	981
/broadcast/producer/produces	982
/broadcast/producer/location	983
/user/robert/tallest/building/suceeded_by	984
/user/techgnostic/default_domain/newspaper/market_areas	985
/skiing/ski_area_owner/ski_areas_owned	986
/skiing/ski_area_ownership/ski_area	987
/base/schemastaging/scholastic_library/institution	988
/base/jewlib/judaica_owner/parent_institution	989
/base/popstra/celebrity/rehab_stay	990
/base/popstra/rehab_stay/facility	991
/location/fr_department/chef_lieu	992
/broadcast/genre/content	993
/base/cars_refactor/company/makes	994
/base/cars_refactor/company_make_relationship/make	995
/user/skud/embassies_and_consulates/ambassador/ambassadorial_tenure	996
/sports/coaching_position/coaches	997
/book/periodical/subjects	998
/religion/religious_leadership_title/leaders	999
/user/juniorbonner/default_domain/capital_city/capital_of	1000
/base/lookalikes/twin/twin_members	1001
/base/lookalikes/twins/twin	1002
/visual_art/art_period_movement/associated_artists	1003
/location/fr_region/capital	1004
/fictional_universe/fictional_universe/locations	1005
/fictional_universe/fictional_universe/characters	1006
/fictional_universe/fictional_setting/universe	1007
/film/film_costumer_designer/costume_design_for_film	1008
/base/argumentmaps/decision_maker/motivation	1009
/base/argumentmaps/motivation/decision_making_person_or_group	1010
/user/dubble/default_domain/news_organization/sponsored	1011
/user/dubble/default_domain/reportage/author	1012
/people/family_member/family	1013
/base/locations/states_and_provences/cities_within	1014
/law/court/judges	1015
/law/judicial_tenure/title	1016
/base/datedlocationtest/dated_location_test/split_off	1017
/base/datedlocationtest/dated_location_split/split_off	1018
/base/celeb/celeb/lived_with	1019
/location/nl_province/capital	1020
/royalty/monarch/kingdom	1021
/base/schemastaging/disputed_location/claimed_by	1022
/base/ballet/ballet_school/location	1023
/film/actor/dubbing_performances	1024
/film/dubbing_performance/language	1025
/tv/tv_guest_personal_appearance/episode	1026
/education/educational_institution/school_type	1027
/computer/computer_designer/computers_designed	1028
/base/locations/place_in_the_world/country	1029
/user/micahsaul/advertising/advertiser/agencies	1030
/film/film_film_distributor_relationship/film_distribution_medium	1031
/computer/software_developer/software	1032
/base/engineering1/rfid_company/location	1033
/base/rivalries/rivalry/rival	1034
/base/advertisingcharacters/advertising_character/product	1035
/theater/theater_actor/theater_roles	1036
/theater/theater_role/role	1037
/broadcast/radio_station/serves_area	1038
/film/film/costume_design_by	1039
/film/film/other_crew	1040
/film/film_crew_gig/crewmember	1041
/base/americancomedy/double_act/straight_man	1042
/user/patrick/default_domain/tag/tagged_topics	1043
/base/collectives/people/people	1044
/base/symbols/symbol_user/symbols	1045
/base/symbols/symbolism/concept	1046
/film/film/songs	1047
/film/film_song_relationship/performers	1048
/tv/non_character_role/tv_guest_personal_appearances	1049
/tv/tv_guest_personal_appearance/person	1050
/tv/non_character_role/tv_regular_personal_appearances	1051
/location/australian_territory/capital_city	1052
/business/competitive_space/company	1053
/business/competitive_space_mediator/brand	1054
/base/schemastaging/sports_facility_extra/training_ground_for	1055
/base/schemastaging/team_training_ground_relationship/team	1056
/military/armed_force/military_posts	1057
/military/military_post_use/military_post	1058
/soccer/football_team/loaned_players	1059
/soccer/football_player_loan/player	1060
/soccer/football_player_loan/borrowing_team	1061
/book/periodical/language	1062
/base/nascar/nascar_racing_organization/drivers	1063
/base/nascar/nascar_racing_organization/owners	1064
/base/nascar/nascar_racing_organization/shop_location	1065
/film/film/other_film_companies	1066
/film/film_film_company_relationship/film_company	1067
/base/crime/crime_accuser/accusations_made	1068
/military/military_combatant/belongs_to_combatant_group	1069
/location/es_autonomous_community/capital	1070
/base/usnris/nris_listing/significant_person	1071
/user/dylanrocks/national_football_league/nfl_suspending_party/nfl_player_who_has_been_suspended	1072
/location/statistical_region/gdp_nominal_per_capita	1073
/broadcast/distributor/distributes	1074
/book/magazine/genre	1075
/religion/religion/places_of_worship_historical	1076
/religion/place_of_worship_historical_use/place_of_worship	1077
/geography/mountain_pass/range	1078
/base/mystery/cryptid_reporter/cryptid_s_reported	1079
/base/mystery/cryptid_observation/location	1080
/music/artist/genre	1081
/broadcast/content/artist	1082
/user/robert/tallest/building/preceded_by	1083
/user/hangy/default_domain/at_state/capital	1084
/user/mdaconta/human_resources/employee/employedby	1085
/user/jimrowson/default_domain/video_host/company	1086
/geography/mountain/first_ascenders	1087
/military/military_service/rank	1088
/base/godparents/godchild/godparents	1089
/book/illustrator/magazine_covers	1090
/book/magazine_issue/cover_artist	1091
/book/publishing_company/imprint	1092
/book/publisher_imprint_tenure/imprints	1093
/book/publishing_company/imprints	1094
/location/id_province/Capital	1095
/base/dance/dance_company/founder	1096
/martial_arts/martial_artist/martial_arts_students	1097
/base/politicalconventions/convention_leader/convention_leadership	1098
/base/politicalconventions/convention_leadership/leader	1099
/base/datedlocationtest/dated_location_test/broke_up_into	1100
/base/datedlocationtest/dated_location_break_up/new_locations	1101
/soccer/football_team/borrowed_players	1102
/soccer/football_player_loan/lending_team	1103
/visual_art/art_owner/artworks_owned	1104
/visual_art/artwork_owner_relationship/artwork	1105
/ice_hockey/hockey_coach/current_team	1106
/military/armed_force/military_combatant	1107
/religion/adherents/religion	1108
/user/afraz/default_domain/school_of_thought/is_part_of	1109
/base/militaryinfiction/location_in_fiction/contains	1110
/tv/tv_program/recurring_writers	1111
/tv/tv_program_writer_relationship/writer	1112
/tv/tv_writer/tv_programs	1113
/tv/tv_program_writer_relationship/tv_program	1114
/base/semanticnames/personal_name_element/people_with_this_name	1115
/base/semanticnames/personal_name/person	1116
/base/greatgardens/botanical_garden/location	1117
/base/semanticnames/person_with_name/names	1118
/base/semanticnames/personal_name/name_element	1119
/base/litcentral/named_person/individual_names	1120
/base/litcentral/person_full_name/family_name_s	1121
/base/crime/lawyer/law_firm	1122
/spaceflight/space_agency/astronauts	1123
/royalty/kingdom/rulers	1124
/royalty/royal_line/preceded_by	1125
/education/educational_institution/mascot	1126
/user/robert/roman_empire/roman_emperor/prececessor	1127
/user/robert/roman_empire/roman_region/emperors	1128
/user/robert/roman_empire/roman_emperor/successor	1129
/broadcast/tv_channel/network	1130
/base/ballet/ballet_school/notable_graduates	1131
/user/lindenb/default_domain/scientist/known_for	1132
/royalty/royal_line/succeeded_by	1133
/base/schemastaging/person_extra/net_worth	1134
/user/robert/us_congress/crp_contribution_recipient/crp_political_contributions_received	1135
/user/robert/us_congress/crp_contribution/contributor	1136
/user/rcheramy/default_domain/film_studio/films	1137
/law/constitutional_convention_delegate/constitutional_conventions	1138
/user/robert/roman_empire/roman_emperor/emperor_of	1139
/base/schemastaging/sports_team_extra/managers	1140
/base/schemastaging/sports_team_manager_tenure/manager	1141
/sports/sports_team/previously_known_as	1142
/sports/defunct_sports_team/later_known_as	1143
/base/ballet/ballet_school/notable_teachers	1144
/base/ballet/ballet_school/founder	1145
/user/robert/us_congress/crp_political_contributor/contributions	1146
/user/robert/us_congress/crp_contribution/recipient	1147
/user/noktulo/default_domain/place_with_suburbs/suburb	1148
/tv/tv_network/channels	1149
/base/schemastaging/sports_team_extra/training_ground	1150
/base/schemastaging/team_training_ground_relationship/facility	1151
/base/militaryinfiction/location_in_fiction/contained_by	1152
/cvg/cvg_developer/games_developed	1153
/film/film_crewmember/films_crewed	1154
/soccer/football_player/loans	1155
/base/schemastaging/athlete_salary/currency	1156
/base/thebigpitch/celebrity_spokesperson/producted_promoted	1157
/base/locations/countries/cities_within	1158
/base/locations/continents/counties_within	1159
/government/governmental_jurisdiction/official_symbols	1160
/location/location_symbol_relationship/symbol	1161
/broadcast/broadcast/distributor	1162
/common/topic/image	1163
/common/image/appears_in_topic_gallery	1164
/religion/religion/organizations	1165
/user/cheunger/sports_test/draft_team/draft_pick	1166
/user/cheunger/sports_test/draft_pick/draftee	1167
/user/robert3/default_domain/architect/buildings	1168
/book/periodical_subject/periodicals	1169
/projects/project_role/projects	1170
/projects/project_participation/participant	1171
/protected_sites/site_listing_category/listed_sites	1172
/protected_sites/natural_or_cultural_site_listing/category_or_criteria	1173
/user/rcheramy/default_domain/hockey_league/countries	1174
/user/rcheramy/default_domain/hockey_league/current_champions	1175
/business/shopping_center_owner/shopping_centers_owned	1176
/user/rcheramy/default_domain/hockey_player/drafted	1177
/user/rcheramy/default_domain/nhl_draft_pick/nhl_team	1178
/user/rcheramy/default_domain/hockey_player/hockey_team	1179
/media_common/quotation/author	1180
/people/person/quotations	1181
/user/jeff/default_domain/addressed_topic/address	1182
/geography/mountain_range/passes	1183
/projects/project_participant/projects	1184
/projects/project_participation/role	1185
/film/film_crew_gig/film_crew_role	1186
/user/robert/us_congress/house_committee/minority_ranking_member	1187
/education/school_category/schools_of_this_kind	1188
/business/company_type/organizations_of_this_type	1189
/user/antstamper/default_domain/regiment/army	1190
/location/ru_republic/capital	1191
/base/schemastaging/caddie/golfers	1192
/base/schemastaging/golfer_caddie_relationship/golfer	1193
/base/tallships/tall_ship/home_port	1194
/user/jfry/default_domain/state12/capitol	1195
/user/jamie/default_domain/yacht_racing/yacht_crew/regattas	1196
/user/jamie/default_domain/yacht_racing/competitor/country	1197
/user/jamie/default_domain/yacht_racing/yacht_skipper/regattas	1198
/base/datedlocationtest/dated_location_test/formed_by_merger	1199
/tv/tv_series_episode/guest_personal_appearances	1200
/architecture/structure/engineering_firm	1201
/people/profession/specialization_of	1202
/internet/website/owner_new	1203
/internet/website_ownership/owner	1204
/people/professional_field/professions_in_this_field	1205
/base/datedlocationtest/dated_location_test/resulted_from_break_up	1206
/base/datedlocationtest/dated_location_break_up/broke_up_from	1207
/user/dylanrocks/national_football_league/suffered_nasty_nfl_injury/injured_by	1208
/base/thebigpitch/product_promoted/celebrity_associated_with_this_product	1209
/base/yalebase/residential_college/alumni	1210
/base/articleindices/article_category/articles_in_this_category	1211
/base/articleindices/index_item/topic	1212
/user/skud/boats/naval_engagement/victor	1213
/government/governmental_jurisdiction/agencies	1214
/travel/travel_destination/local_transportation	1215
/base/bigsky/landing_zone/flying_site	1216
/base/schemastaging/golfer_extra/caddies	1217
/base/schemastaging/golfer_caddie_relationship/caddie	1218
/base/nationalbridgeinventory/nbibridge/facility_under_bridge	1219
/education/academic_post/position_or_title	1220
/protected_sites/governing_body_of_protected_sites/protected_sites_governed	1221
/education/school_mascot/school	1222
/comic_books/comic_book_creator/series_created	1223
/fictional_universe/fictional_character/based_on	1224
/fictional_universe/fictional_character/ethnicity	1225
/event/speech_topic/speeches_or_presentations_on_this_topic	1226
/music/artist/concerts	1227
/music/concert_performance/band_members	1228
/fictional_universe/fictional_character/appears_in_these_fictional_universes	1229
/theater/theater_character/portrayed_by	1230
/theater/theater_role/actor	1231
/user/jamie/default_domain/yacht_racing/yacht_racing_country/regattas	1232
/user/jamie/default_domain/yacht_racing/competitor/crew_member	1233
/user/jamie/default_domain/yacht_racing/competitor/skipper	1234
/government/politician/legislative_committees_served_on	1235
/government/legislative_committee_membership/committee	1236
/architecture/landscape_architect/landscape_project	1237
/music/group_member/artists_supported	1238
/internet/website/category	1239
/user/carmenmfenn1/default_domain/cityscape/theatres	1240
/law/constitutional_convention/delegates	1241
/base/kwebbase/kwconnection/other	1242
/event/speech_or_presentation/speech_topic	1243
/user/faye/default_domain/travel_destination/airport	1244
/business/consumer_company/products	1245
/business/company_product_relationship/consumer_product	1246
/food/brewery_brand_of_beer/beers_produced	1247
/base/arthist/helynevek/mutargy	1248
/base/arthist/provenienciaadat/intezmeny	1249
/user/patrick/default_domain/tagged_topic/tags	1250
/law/inventor/inventions	1251
/base/engineering/canal/connected_waterways	1252
/biology/organism/place_of_birth	1253
/biology/deceased_organism/place_of_death	1254
/business/product_line/brand	1255
/business/brand/product_lines	1256
/business/brand/products	1257
/business/consumer_product/brand	1258
/astronomy/astronomical_discovery/discoverer	1259
/geography/mountaineer/first_ascents	1260
/fictional_universe/fictional_setting/contains	1261
/base/mediaasset/entity_appearing_in_media_asset/appears_in_assets	1262
/base/mediaasset/media_asset/appearances	1263
/user/sbsummer/default_domain/x/bir	1264
/user/sbsummer/default_domain/x/bro	1265
/skiing/ski_area/owner	1266
/skiing/ski_area_ownership/owner	1267
/base/nascar/nascar_racing_organization_owner/racing_organization_owned	1268
/finance/stock_exchange/companies_traded	1269
/business/stock_ticker_symbol/issue	1270
/base/datedlocationtest/dated_location_test/split_off_from	1271
/base/datedlocationtest/dated_location_split/split_from	1272
/education/educational_institution/phone_number	1273
/base/satelites/natural_satellite/orbited_body	1274
/astronomy/orbital_relationship/orbits	1275
/religion/religious_organization/associated_with	1276
/base/patronage/patronage_sector/patrons	1277
/computer/software/developer	1278
/base/casinos/casino/owner	1279
/base/locations/countries/states_provinces_within	1280
/base/athletics/athletics_country/championships_athletes_performances	1281
/base/athletics/athletics_championships_competition_athlete_relationship/athlete_s	1282
/military/casualties/military_conflict	1283
/user/techgnostic/default_domain/market_area/newspaper	1284
/food/beer_country_region/beers_from_here	1285
/user/exooo/default_domain/head_of_state/president	1286
/military/force_strength/military_conflict	1287
/law/judge/courts	1288
/user/ddammann/default_domain/teacher/students	1289
/government/governmental_body/body_this_is_a_component_of	1290
/cvg/computer_videogame/developer	1291
/cvg/computer_videogame/publisher	1292
/transportation/road/end2	1293
/comic_books/comic_book_series/created_by	1294
/base/dance/dance_company/located_in	1295
/user/sblom/default_domain/island/home_body_of_water	1296
/education/academic_post_title/people_with_this_title	1297
/base/crime/law_firm/lawyers_in_firm	1298
/base/politicalconventions/convention_speech/venue	1299
/base/mystery/cryptid_observation_location/cryptid_observation_s	1300
/base/mystery/cryptid_observation/reported_by	1301
/olympics/olympic_sport/athletes	1302
/user/evening/default_domain/business_group/business_group_member	1303
/base/irishpoliticians/irish_politician/constituency_office	1304
/base/americancomedy/double_act_comic/comic_in_double_act	1305
/business/issue/trading_symbol	1306
/business/stock_ticker_symbol/stock_exchange	1307
/base/kwebbase/kwtopic/connections_to	1308
/base/casinos/casino_owner/casinos_owned	1309
/government/government/government_for	1310
/government/governmental_jurisdiction/government	1311
/people/profession/part_of_professional_field	1312
/base/schemastaging/sports_team_manager/teams_managed	1313
/base/schemastaging/sports_team_manager_tenure/team	1314
/book/magazine_genre/magazines_in_this_genre	1315
/internet/website_category/sites	1316
/visual_art/artwork/owners	1317
/visual_art/artwork_owner_relationship/owner	1318
/visual_art/artwork/artist	1319
/business/job_title/people_with_this_title	1320
/user/jessewang/default_domain/philanthropist/grantee	1321
/user/synedra/didwho/marriage/spouse	1322
/organization/role/leaders	1323
/base/formula1/formula_1_team/driver	1324
/base/formula1/formula_1_team_member/driver	1325
/soccer/football_player/matches_played	1326
/soccer/football_player_match_participation/team	1327
